{"3": {"5": [0.0009411571726303267, -1.469696044921875, 0.0, 0.0009411571726303267, 2.056880230802026e-05, -1.4767913818359375, 0.0, 2.056880230802026e-05, -6.485221005555555, 0.004836235489622132, -6.46579, 0.0, -2.0671109484224937e-06], "2": [0.0012061097236280257, -1.4590301513671875, 0.0, 0.0012061097236280257, 2.1501375265405277e-05, -1.4767913818359375, 0.0, 2.1501375265405277e-05, -6.4848515873873875, 0.0053641986364910315, -6.4454, 0.0, -1.8129640753796555e-06], "4": [0.001252298795212228, -1.4642486572265625, 0.0, 0.001252298795212228, 2.0533326339146378e-05, -1.4767913818359375, 0.0, 2.0533326339146378e-05, -6.485075392592593, 0.007293596163348992, -6.3959, 0.0, -1.5360765158690952e-06], "3": [0.0010568122871173681, -1.4647064208984375, 0.0, 0.0010568122871173681, 1.9913302541559673e-05, -1.4767913818359375, 0.0, 1.9913302541559673e-05, -6.485149444444445, 0.005924511471238735, -6.4366, 0.0, -2.0267690894715596e-06], "1": [0.0011593335437198372, -1.4631500244140625, 0.0, 0.0011593335437198372, 2.1327370419741803e-05, -1.4767913818359375, 0.0, 2.1327370419741803e-05, -6.48350207047619, 0.006772801499470012, -6.4314, 0.0, -1.8125123402531067e-06]}, "1": {"2": [0.0012319227810117907, -1.460540771484375, 0.0, 0.0012319227810117907, 2.040284509577354e-05, -1.4767913818359375, 0.0, 2.040284509577354e-05, -6.4832644684684695, 0.0039949995587272675, -6.42879, 0.0, -1.4844371327565837e-06], "4": [0.0012019167309204686, -1.4626922607421875, 0.0, 0.0012019167309204686, 2.1117077786380792e-05, -1.4767913818359375, 0.0, 2.1117077786380792e-05, -6.48106052962963, 0.0034059748614059244, -6.45239, 0.0, -1.1830831323264056e-06], "5": [0.0011759606813691748, -1.464385986328125, 0.0, 0.0011759606813691748, 1.979381281584611e-05, -1.4767913818359375, 0.0, 1.979381281584611e-05, -6.481200655855855, 0.003238617717947911, -6.44939, 0.0, -9.249022660247164e-07], "3": [0.0018116347807403438, -1.453216552734375, 0.0, 0.0018116347807403438, 1.9141502847591157e-05, -1.4767913818359375, 0.0, 1.9141502847591157e-05, -6.484591448648648, 0.0045966741355707415, -6.4518, 0.0, -4.923768513155715e-07], "1": [0.0013467510723971943, -1.4622802734375, 0.0, 0.0013467510723971943, 1.933381988871365e-05, -1.4767913818359375, 0.0, 1.933381988871365e-05, -6.483004716666666, 0.0051676954381953254, -6.44559, 0.0, -1.4928694723968692e-06]}, "0": {"3": [0.0001229975705213289, -1.4761962890625, 0.0, 0.0001229975705213289, 1.9267049076378422e-05, -1.4767913818359375, 0.0, 1.9267049076378422e-05, -6.478157198245614, 0.000201255426420253, -6.4774, 0.0, 2.3861297327704272e-08], "5": [0.00012260201937285253, -1.476104736328125, 0.0, 0.00012260201937285253, 1.9574118299346406e-05, -1.4767913818359375, 0.0, 1.9574118299346406e-05, -6.477414419444446, 0.0002024553357045387, -6.47639, 0.0, 2.02663069753007e-09], "1": [0.0002250022192921037, -1.47564697265625, 0.0, 0.0002250022192921037, 1.4917037413030407e-05, -1.4767913818359375, 0.0, 1.4917037413030407e-05, -6.478087375609756, 0.00018522815741522675, -6.47759, 0.0, -7.383330739521648e-09], "2": [0.0009758269878049337, -1.46905517578125, 0.0, 0.0009758269878049337, 2.0306655184053283e-05, -1.4767913818359375, 0.0, 2.0306655184053283e-05, -6.476616274074075, 0.0009104937645332033, -6.474, 0.0, 9.617666844053747e-09], "4": [0.00014335429756520376, -1.4758758544921875, 0.0, 0.00014335429756520376, 1.9011179563595355e-05, -1.4767913818359375, 0.0, 1.9011179563595355e-05, -6.477423801851853, 0.00020145004342655846, -6.47679, 0.0, 5.342865485770648e-08]}, "2": {"3": [0.002556928526702708, -1.453216552734375, 0.0, 0.002556928526702708, 2.2775247379268855e-05, -1.4767913818359375, 0.0, 2.2775247379268855e-05, -6.476643316666667, 0.003999162359019227, -6.3959, 0.0, 1.9270462061551232e-07], "2": [0.0028932706468857744, -1.453216552734375, 0.0, 0.0028932706468857744, 2.0843503377060053e-05, -1.4767913818359375, 0.0, 2.0843503377060053e-05, -6.476072375925925, 0.003227307759339755, -6.3962, 0.0, 1.493551099078168e-07], "1": [0.0035583103960313374, -1.453216552734375, 0.0, 0.0035583103960313374, 2.0350618392453763e-05, -1.4767913818359375, 0.0, 2.0350618392453763e-05, -6.4766904019047615, 0.004095075864219208, -6.3962, 0.0, 5.534272233961219e-07], "5": [0.0028721206865606644, -1.453216552734375, 0.0, 0.0028721206865606644, 2.0959086171020657e-05, -1.4767913818359375, 0.0, 2.0959086171020657e-05, -6.476721261261261, 0.002942591619006456, -6.424, 0.0, 2.647026865527182e-07], "4": [0.0018954331990501563, -1.4533538818359375, 0.0, 0.0018954331990501563, 2.1749681145986156e-05, -1.4767913818359375, 0.0, 2.1749681145986156e-05, -6.476488053703703, 0.0015069825409066452, -6.45859, 0.0, 5.432098323002899e-07]}}