{"3": {"5": [0.0009411571726303267, -1.469696044921875, 0.0, 0.0009411571726303267, 0.0011068800158332357, -1.4692840576171875, 0.0, 0.0011068800158332357, -6.498812007407408, 5.7436018676605574e-05, -6.49859, 0.0, 1.5383753004301147e-09], "2": [0.0012061097236280257, -1.4590301513671875, 0.0, 0.0012061097236280257, 0.0012277958039775992, -1.4646148681640625, 0.0, 0.0012277958039775992, -6.498806158558561, 6.50968792493583e-05, -6.49859, 0.0, 7.716544844758052e-10], "4": [0.001252298795212228, -1.4642486572265625, 0.0, 0.001252298795212228, 0.0016688729895145695, -1.45330810546875, 0.0, 0.0016688729895145695, -6.498810946296297, 5.80849703673147e-05, -6.49859, 0.0, -1.5039666725178493e-10], "3": [0.0010568122871173681, -1.4647064208984375, 0.0, 0.0010568122871173681, 0.001355744536654651, -1.4626007080078125, 0.0, 0.001355744536654651, -6.498808081481483, 5.785186086208738e-05, -6.49859, 0.0, 7.734926343577733e-10], "1": [0.0011593335437198372, -1.4631500244140625, 0.0, 0.0011593335437198372, 0.0015497246416688276, -1.4614105224609375, 0.0, 0.0015497246416688276, -6.498807857142858, 6.332439965629175e-05, -6.49859, 0.0, 9.231628193679557e-10]}, "1": {"2": [0.0012319227810117907, -1.460540771484375, 0.0, 0.0012319227810117907, 0.0009143455237941417, -1.4608154296875, 0.0, 0.0009143455237941417, -6.498809846846847, 5.839191882225231e-05, -6.49859, 0.0, 6.805818457001421e-10], "4": [0.0012019167309204686, -1.4626922607421875, 0.0, 0.0012019167309204686, 0.0007789508180824544, -1.466217041015625, 0.0, 0.0007789508180824544, -6.498811814814816, 5.977924639063558e-05, -6.49859, 0.0, -4.9123610882064224e-12], "5": [0.0011759606813691748, -1.464385986328125, 0.0, 0.0011759606813691748, 0.00074084829198502, -1.4655303955078125, 0.0, 0.00074084829198502, -6.4988107405405415, 5.53020475621474e-05, -6.49859, 0.0, -1.2351928662364617e-10], "3": [0.0018116347807403438, -1.453216552734375, 0.0, 0.0018116347807403438, 0.001052026776763018, -1.4660797119140625, 0.0, 0.001052026776763018, -6.498806342342344, 5.634314038444831e-05, -6.49859, 0.0, 7.501293794189328e-10], "1": [0.0013467510723971943, -1.4622802734375, 0.0, 0.0013467510723971943, 0.0011821786566163176, -1.46466064453125, 0.0, 0.0011821786566163176, -6.498807550000002, 5.6082753835487023e-05, -6.49859, 0.0, 4.1700542505929135e-10]}, "0": {"3": [0.0001229975705213289, -1.4761962890625, 0.0, 0.0001229975705213289, 4.093478868190038e-05, -1.4719390869140625, 0.0, 4.093478868190038e-05, -6.4988083877193, 5.5147144699218664e-05, -6.49859, 0.0, 5.383191754986453e-10], "5": [0.00012260201937285253, -1.476104736328125, 0.0, 0.00012260201937285253, 4.653799336565989e-05, -1.471710205078125, 0.0, 4.653799336565989e-05, -6.498808694444446, 5.607748579932954e-05, -6.49859, 0.0, 2.347894206814421e-10], "1": [0.0002250022192921037, -1.47564697265625, 0.0, 0.0002250022192921037, 3.622909097100842e-05, -1.47198486328125, 0.0, 3.622909097100842e-05, -6.498805993495937, 4.0795902352444466e-05, -6.49859, 0.0, 8.778984221815612e-10], "2": [0.0009758269878049337, -1.46905517578125, 0.0, 0.0009758269878049337, 0.0002070202272971519, -1.471160888671875, 0.0, 0.0002070202272971519, -6.498811931481482, 5.6432448388595145e-05, -6.49859, 0.0, 8.67592241303755e-10], "4": [0.00014335429756520376, -1.4758758544921875, 0.0, 0.00014335429756520376, 4.626960094775605e-05, -1.4718017578125, 0.0, 4.626960094775605e-05, -6.498808085185186, 5.4418475918166977e-05, -6.49859, 0.0, 1.8664655418281296e-09]}, "2": {"3": [0.002556928526702708, -1.453216552734375, 0.0, 0.002556928526702708, 0.0009146795232562797, -1.45330810546875, 0.0, 0.0009146795232562797, -6.498809216666667, 6.789778060513589e-05, -6.49859, 0.0, 2.8013223030359317e-10], "2": [0.0028932706468857744, -1.453216552734375, 0.0, 0.0028932706468857744, 0.0007383542834699773, -1.4533538818359375, 0.0, 0.0007383542834699773, -6.498811683333333, 5.87792456757903e-05, -6.49859, 0.0, 8.819856269526668e-10], "1": [0.0035583103960313374, -1.453216552734375, 0.0, 0.0035583103960313374, 0.0009369310650872759, -1.4533538818359375, 0.0, 0.0009369310650872759, -6.498809512380954, 5.843930786592306e-05, -6.49859, 0.0, 7.082915708830543e-11], "5": [0.0028721206865606644, -1.453216552734375, 0.0, 0.0028721206865606644, 0.0006727782506206355, -1.459716796875, 0.0, 0.0006727782506206355, -6.498813095495497, 5.822512907136866e-05, -6.49859, 0.0, 6.827413756429054e-10], "4": [0.0018954331990501563, -1.4533538818359375, 0.0, 0.0018954331990501563, 0.0003439259128503162, -1.4676361083984375, 0.0, 0.0003439259128503162, -6.498810874074075, 6.292010567544443e-05, -6.49859, 0.0, 1.2741838571369489e-09]}}